"filename","cefr","Dep_Clauses_per_Clause","lexical_density_types","B1","wpm","B2"
"A1_a_good_nights_sleep","A1",0.233333333,0.728971963,4.34782608695652,110.973451327434,0.483091787439614
"A1_a_request_from_your_boss","A1",0.076923077,0.642857143,2.35294117647059,135,1.17647058823529
"A1_a_voicemail_message","A1",0.1875,0.666666667,0.709219858156028,103.235294117647,2.12765957446809
"A1_A2_episode_01_they_meet","A1",0,0.614035088,0.769230769230769,49.390243902439,0
"A1_A2_episode_02_toms_party","A1",0.035714286,0.53968254,3.2258064516129,57.2,0
"A1_A2_episode_03_what_do_you_doing","A1",0.066666667,0.653846154,1.49700598802395,91.9650655021834,0
"A1_A2_episode_04_where_are_you","A1",0.06122449,0.573033708,2.81124497991968,74.9268292682927,0
"A1_A2_episode_05_speaking_or_eating","A1",0.034482759,0.62295082,0.986842105263158,71.82156133829,0
"A1_A2_episode_06_ill_pay","A1",0.041666667,0.62,1.58730158730159,86.3333333333333,1.19047619047619
"A1_A2_episode_07_race","A1",0.045454545,0.647619048,7.25806451612903,87.2093023255814,0.806451612903226
"A1_A2_episode_08_brown_bread","A1",0.019607843,0.615384615,0.381679389312977,69.0376569037657,0
"A1_A2_episode_09_family_photos","A1",0,0.597222222,1.57068062827225,72.2981366459627,0
"A1_A2_episode_10_sportsman","A1",0.102564103,0.644628099,0.497512437810945,97.4703557312253,0.248756218905473
"A1_A2_episode_11_what_time_it","A1",0.038461538,0.538461538,2.94117647058824,79.0697674418605,0
"A1_A2_episode_12_old_friend","A1",0.063492063,0.677966102,0.623052959501558,99.4029850746269,0
"A1_A2_episode_13_horoscopes","A1",0.047619048,0.669642857,4.61538461538462,88.6666666666667,1.53846153846154
"A1_A2_episode_14_can_you_speak_french","A1",0.072727273,0.726495726,2.02020202020202,113.164556962025,0
"A1_A2_episode_15_there_campsite","A1",0.033333333,0.708955224,5.21739130434783,102.692307692308,0
"A1_at_the_library_giving_personal_information","A1",0,0.555555556,0,83.75,0
"A1_band_auditions","A1",0,0.6875,0.636942675159236,86.5486725663717,1.27388535031847
"A1_booking_a_table","A1",0.060606061,0.602272727,1.46341463414634,117.142857142857,0
"A1_business_cards","A1",0.260869565,0.702380952,4.69798657718121,137.538461538462,2.68456375838926
"A1_describing_people","A1",0.15,0.637931034,0.91743119266055,82.6829268292683,0
"A1_finding_the_library","A1",0.028571429,0.650485437,5.16431924882629,120.555555555556,0.469483568075117
"A1_first_day_at_school","A1",0,0.53125,0,101.818181818182,0
"A1_getting_an_ID_card","A1",0.055555556,0.677419355,0,49.1729323308271,0
"A1_interview_with_a_swimmer","A1",0,0.602409639,2.59067357512953,134.651162790698,0
"A1_introducing_a_friend","A1",0,0.631578947,0,104.516129032258,0
"A1_inviting_someone_to_the_cinema","A1",0.037037037,0.597560976,2.56410256410256,121.538461538462,0
"A1_meeting_a_new_team_member","A1",0.085714286,0.6625,2.16216216216216,160.869565217391,1.62162162162162
"A1_meeting_other_students","A1",0.068965517,0.632183908,1.20481927710843,127.594936708861,1.20481927710843
"A1_meeting_people_at_dinner","A1",0,0.62,0,108.421052631579,0
"A1_online_safety_conversation","A1",0.102564103,0.670731707,9.04522613065327,106.194690265487,0
"A1_ordering_food_in_a_cafe","A1",0,0.5,0,85.3125,0
"A1_ordering_in_a_cafe","A1",0.114285714,0.542553191,0,122.448979591837,1.99004975124378
"A1_organising_a_group_project","A1",0.107142857,0.6,0.975609756097561,144.705882352941,1.95121951219512
"A1_shopping_for_clothes","A1",0.052631579,0.58490566,3.79746835443038,96.734693877551,0
"A1_study_tips","A1",0.115384615,0.641025641,0.578034682080925,119.310344827586,0
"A1_the_first_english_class","A1",0.166666667,0.663636364,1.14068441064639,108.671328671329,0
"A1Movers_1_1","A1",0.0625,0.675,0,108.75,0
"A1Movers_1_2","A1",0.028571429,0.640449438,1,109.54128440367,0
"A1Movers_1_3","A1",0,0.708661417,1.08303249097473,137.355371900826,0
"A1Movers_1_4","A1",0.027027027,0.634782609,1.78571428571429,118.421052631579,1.33928571428571
"A1Movers_1_5","A1",0.057142857,0.644444444,0,120.540540540541,0
"A1Movers_2_1","A1",0.105263158,0.712871287,0.888888888888889,120.535714285714,0
"A1Movers_2_2","A1",0.25,0.611764706,0.45662100456621,114.310344827586,0
"A1Movers_2_3","A1",0,0.697478992,1.171875,134.736842105263,0.78125
"A1Movers_2_4","A1",0.047619048,0.734375,0.775193798449612,121.40625,0.387596899224806
"A1Movers_2_5","A1",0.114285714,0.693181818,0.434782608695652,92.6174496644295,0.434782608695652
"A1PreStarters_1_1","A1",0,0.692307692,0,106.981132075472,0
"A1PreStarters_1_2","A1",0.027027027,0.605633803,0,96.969696969697,0
"A1PreStarters_1_3","A1",0,0.674157303,0.571428571428571,117.977528089888,0
"A1PreStarters_1_4","A1",0,0.642857143,0,129.782608695652,0
"A1PreStarters_2_1","A1",0,0.653846154,0.574712643678161,88.2352941176471,0
"A1PreStarters_2_2","A1",0,0.605263158,0,87.5806451612903,0
"A1PreStarters_2_3","A1",0,0.657407407,0,101.311475409836,1.47058823529412
"A1PreStarters_2_4","A1",0,0.649122807,7.14285714285714,94.1379310344828,0
"A2_a_morning_briefing","A2",0.28125,0.688405797,4.34782608695652,129.5,2.37154150197628
"A2_an_invitation_to_a_party","A2",0.111111111,0.672566372,1.0752688172043,135.483870967742,0
"A2_B1_one_day_i_will_lagos","A2",0,0.666666667,3.6036036036036,112,1.8018018018018
"A2_B1_podcasts_episode_02","A2",0.21880651,0.854809437,1.03064066852368,154.279661016949,0.417827298050139
"A2_B1_podcasts_episode_03","A2",0.236070381,0.842696629,1.94500335345406,156.138728323699,0.290632684998882
"A2_B1_podcasts_episode_04","A2",0.2176,0.851674641,2.27547809247156,155.529265255293,0.629387557492133
"A2_B1_podcasts_episode_05","A2",0.228177642,0.847113885,1.72179429089261,152.326111744584,0.362483008608971
"A2_B1_podcasts_episode_06","A2",0.217201166,0.844476744,1.8785495849716,144.265159301131,0.72083879423329
"A2_B1_podcasts_episode_07","A2",0.25037037,0.858600583,1.9103934500796,149.480156512018,0.6367978166932
"A2_B1_podcasts_episode_08","A2",0.275917065,0.841221374,2.94255021018216,152.771929824561,0.560485754320411
"A2_B1_podcasts_episode_09","A2",0.262090484,0.859353024,2.96850215273057,150.252951096121,0.725130296850215
"A2_B1_podcasts_episode_10","A2",0.228782288,0.8359375,2.02160066463584,150.700549450549,0.83079479368596
"A2_B1_were_superhumans_rio_paralympics_2016","A2",0.078947368,0.666666667,2.9940119760479,51.4736842105263,0
"A2_changing_a_meeting_time","A2",0.179487179,0.625,2.75229357798165,158.313253012048,0.91743119266055
"A2_changing_plans","A2",0.142857143,0.641304348,2.4390243902439,125.510204081633,0
"A2_eating_out","A2",0,0.586206897,0.884955752212389,122.105263157895,0
"A2_facts_and_figures","A2",0.296296296,0.628787879,8.23045267489712,135.555555555556,1.23456790123457
"A2_four_conversations","A2",0.119565217,0.668639053,0.203665987780041,137.808219178082,0.610997963340122
"A2_free_time","A2",0,0.659340659,0.613496932515337,99.8019801980198,0.613496932515337
"A2_giving_directions","A2",0.071428571,0.674418605,1.66666666666667,95.5555555555556,0
"A2_going_to_the_cinema","A2",0.033333333,0.580246914,1.70454545454545,126.428571428571,0
"A2_instructions_for_an_assignment","A2",0.24137931,0.661016949,1.92307692307692,104.689655172414,0.769230769230769
"A2_leaving_a_message","A2",0.1,0.62962963,2.10970464135021,81.203007518797,1.26582278481013
"A2_missing_a_class","A2",0,0.65,2.07253886010363,128.666666666667,0.518134715025907
"A2_podcasts_episode_01","A2",0.212809917,0.835951134,2.55546194889076,155.007132667618,0.36506599269868
"A2_shopping_for_clothes","A2",0.0625,0.507936508,2.85714285714286,95.4545454545454,0
"A2_stop_wasting_time","A2",0.133333333,0.647727273,3.17460317460317,100.353982300885,0
"A2_survivor_episode_1_finding_jane_a2","A2",0.085714286,0.637168142,1.7910447761194,64.9846153846154,0.298507462686567
"A2_survivor_episode_2_wake_soon_a2","A2",0.072164948,0.697674419,1.70454545454545,89.016393442623,1.13636363636364
"A2_survivor_episode_3_coincidence_a2","A2",0.068181818,0.723163842,1.45833333333333,92.2360248447205,1.45833333333333
"A2_survivor_episode_4_run_a2","A2",0.172661871,0.742424242,1.67597765363128,93.6864406779661,0.418994413407821
"A2_survivor_episode_5_youre_awake_a2","A2",0.131578947,0.703125,2.49307479224377,76.6666666666667,0.554016620498615
"A2_survivor_episode_6_caught_a2","A2",0.12849162,0.735576923,1.91011235955056,91.5577889447236,0.561797752808989
"A2_taking_notes","A2",0.131578947,0.642857143,0,121.132075471698,0.476190476190476
"A2_tour_of_london","A2",0.242424242,0.683823529,2.87539936102236,130,0
"A2_trains_and_travel","A2",0,0.522727273,3.57142857142857,100,0
"A2_transport_announcements","A2",0,0.744186047,8.62944162436548,105.535714285714,1.01522842639594
"A2_travelling_abroad","A2",0.222222222,0.709677419,4.41176470588235,101.652892561983,0
"A2_understanding_an_explanation","A2",0.208333333,0.657657658,2.73037542662116,130.666666666667,0
"A2_using_colours_to_do_homework","A2",0.333333333,0.741666667,2.60223048327138,115.285714285714,0.371747211895911
"A2_weather_forecast","A2",0.176470588,0.61971831,0.72992700729927,108.947368421053,0
"A2_whos_who_in_the_office","A2",0.09375,0.645454545,3.7914691943128,140.43956043956,0.947867298578199
"A2_work","A2",0.209302326,0.739837398,2.07612456747405,153.157894736842,0
"A2Flyers_1_1","A2",0.127659574,0.702702703,1.2396694214876,133.211009174312,0.826446280991736
"A2Flyers_1_2","A2",0.166666667,0.681818182,0.921658986175115,140.43956043956,0.921658986175115
"A2Flyers_1_3","A2",0.226415094,0.743055556,0.628930817610063,153.6,0.628930817610063
"A2Flyers_1_4","A2",0.1,0.729323308,0.539083557951483,142.165605095541,0.808625336927224
"A2Flyers_1_5","A2",0.083333333,0.706766917,0.604229607250755,129.350649350649,0
"A2Flyers_2_1","A2",0.177777778,0.681034483,1.97628458498024,131.379310344828,0
"A2Flyers_2_2","A2",0.02,0.663865546,0.357142857142857,123.134328358209,0.357142857142857
"A2Flyers_2_3","A2",0.12,0.739130435,0.313479623824451,119.254658385093,0
"A2Flyers_2_4","A2",0.019230769,0.685483871,0,131.142857142857,0
"A2Flyers_2_5","A2",0.128205128,0.686440678,1.171875,115.488721804511,1.171875
"A2Key_1-5","A2",0.162790698,0.676691729,2.23048327137546,155.192307692308,0
"A2Key_11-15","A2",0.032258065,0.642857143,0.497512437810945,137.931034482759,0
"A2Key_16","A2",0.2,0.613636364,1.61290322580645,155,1.61290322580645
"A2Key_17","A2",0.272727273,0.527272727,1.44927536231884,144.827586206897,0
"A2Key_18","A2",0,0.595238095,0,136.153846153846,0
"A2Key_19","A2",0.125,0.636363636,0,174.545454545455,0
"A2Key_20","A2",0,0.591836735,3.07692307692308,127.741935483871,0
"A2Key_21-25","A2",0.111111111,0.691489362,0.598802395209581,152.727272727273,0
"A2Key_6-10","A2",0.3,0.567307692,1.15606936416185,133.076923076923,0
"A2KeySch_1","A2",0.25,0.625,0,170,0
"A2KeySch_11-15","A2",0.172413793,0.663461538,1.48514851485149,118.823529411765,0.495049504950495
"A2KeySch_16","A2",0.3,0.555555556,3.07692307692308,130,0
"A2KeySch_17","A2",0.25,0.666666667,0,145.384615384615,0
"A2KeySch_18","A2",0.272727273,0.568181818,3.17460317460317,114.545454545455,0
"A2KeySch_19","A2",0.181818182,0.571428571,1.66666666666667,128.571428571429,0
"A2KeySch_2","A2",0.1,0.580645161,2.17391304347826,162.352941176471,0
"A2KeySch_20","A2",0.111111111,0.576923077,3.17460317460317,130,0
"A2KeySch_21-25","A2",0.185185185,0.706521739,0.581395348837209,152.647058823529,0
"A2KeySch_3","A2",0.25,0.636363636,0,156,1.53846153846154
"A2KeySch_4","A2",0,0.5,7.01754385964912,162.857142857143,0
"A2KeySch_5","A2",0.222222222,0.6,0,165,0
"A2KeySch_6-10","A2",0.238095238,0.7,3.80434782608696,125.454545454545,0.543478260869565
"B1_11_things_you_never_knew_about_elephants","B1",0.125,0.666666667,7.56302521008403,98.0281690140845,1.68067226890756
"B1_a_phone_call_from_a_customer","B1",0.14893617,0.689922481,5.39568345323741,136.585365853659,2.15827338129496
"B1_a_student_discussion","B1",0.291666667,0.654320988,4.06698564593301,155.337423312883,0.956937799043062
"B1_a_team_meeting_about_diversity","B1",0.307692308,0.679245283,6.41025641025641,149.806451612903,2.30769230769231
"B1_a_weather_forecast","B1",0.157894737,0.673611111,2.98507462686567,155.533980582524,1.11940298507463
"B1_advice_for_exams","B1",0.307692308,0.75974026,2.23642172523962,102.295081967213,0.638977635782748
"B1_amazing_facts","B1",0.202898551,0.681318681,4.5766590389016,128.529411764706,3.20366132723112
"B1_an_interview_about_listening_skills","B1",0.393442623,0.738888889,3.34821428571429,159.298245614035,0.669642857142857
"B1_an_introduction_to_a_lecture","B1",0.491803279,0.725609756,7.63723150357995,134.042553191489,1.67064439140811
"B1_arriving_late_to_a_class","B1",0.066666667,0.653846154,2.88808664259928,134.634146341463,0
"B1_at_the_chemist","B1",0.107142857,0.569767442,3.35570469798658,116.842105263158,1.34228187919463
"B1_B2_animals_scene_1","B1",0.115384615,0.715151515,2.24299065420561,139.655172413793,0.560747663551402
"B1_B2_animals_scene_2","B1",0.157303371,0.695652174,3.7280701754386,131.483253588517,1.09649122807018
"B1_B2_art_scene_1","B1",0.164556962,0.69005848,3.17460317460317,150.443349753695,0.198412698412698
"B1_B2_art_scene_2","B1",0.112903226,0.678832117,5.09383378016086,108.461538461538,0
"B1_B2_bestival_scene_1","B1",0.130434783,0.79296875,2.94985250737463,123.692307692308,1.03244837758112
"B1_B2_bestival_scene_2","B1",0.114285714,0.731428571,2.70880361173815,109.714285714286,0.90293453724605
"B1_B2_big_meal_scene_1","B1",0.197674419,0.737430168,3.03030303030303,121.368821292776,0.568181818181818
"B1_B2_big_meal_scene_2","B1",0.181818182,0.71686747,2.21238938053097,122.654867256637,1.54867256637168
"B1_B2_black_holes","B1",0.425,0.696551724,8.44686648501362,84.0458015267176,1.90735694822888
"B1_B2_bonfire_night","B1",0.196969697,0.723502304,5.58558558558559,127.35632183908,1.44144144144144
"B1_B2_british_weather","B1",0.25,0.768907563,4.92753623188406,138.139534883721,1.01449275362319
"B1_B2_christmas_gift_experiment","B1",0.088235294,0.592592593,1.54639175257732,84.1726618705036,0.515463917525773
"B1_B2_christmas_scene_1","B1",0.170731707,0.714285714,2.45746691871456,143.348416289593,1.70132325141777
"B1_B2_christmas_scene_2","B1",0.182692308,0.707317073,2.16383307573416,138.169014084507,1.23647604327666
"B1_B2_christmas_shopping","B1",0.148148148,0.752475248,3.53982300884956,107.619047619048,0.442477876106195
"B1_B2_classic_british_car","B1",0.102040816,0.762331839,4.42655935613682,109.594095940959,2.8169014084507
"B1_B2_climate_change_why_does_15degc_matter","B1",0.425,0.701149425,10.5113636363636,145.467625899281,1.70454545454545
"B1_B2_day_around_london","B1",0.289473684,0.724550898,2.73972602739726,165.454545454545,0.547945205479452
"B1_B2_day_life_10_year_old_roman_britain","B1",0.25,0.769230769,4.3956043956044,104.430379746835,3.2967032967033
"B1_B2_doctor_day_rapper_night","B1",0.395348837,0.723529412,5.07042253521127,118.994413407821,1.69014084507042
"B1_B2_eating_insects","B1",0.241935484,0.735042735,6.48535564853557,133.395348837209,2.51046025104602
"B1_B2_feeling_hot_hot_hot","B1",0.222222222,0.694805195,3.26975476839237,125.142857142857,2.17983651226158
"B1_B2_five_ways_spot_fake_news","B1",0.4,0.707070707,8.82352941176471,111.428571428571,3.67647058823529
"B1_B2_flathunting_scene_1","B1",0.121495327,0.752525253,2.59965337954939,128.978102189781,0.866551126516464
"B1_B2_flathunting_scene_2","B1",0.142857143,0.684210526,3.125,140.090497737557,0.5859375
"B1_B2_food_britain","B1",0.137254902,0.77173913,4.12621359223301,96.8871595330739,1.94174757281553
"B1_B2_girl_can","B1",0.157894737,0.683544304,4.89510489510489,138.387096774194,2.7972027972028
"B1_B2_halloween_scene_1","B1",0.14084507,0.71686747,2.73109243697479,133.116279069767,2.10084033613445
"B1_B2_halloween_scene_2","B1",0.06097561,0.74863388,5.02008032128514,118.132295719844,3.4136546184739
"B1_B2_he_named_me_malala","B1",0.245901639,0.685082873,4.92227979274611,160.965517241379,0.259067357512953
"B1_B2_heritage_tourism","B1",0.211538462,0.758454106,6.841046277666,121.959183673469,1.40845070422535
"B1_B2_homes_future","B1",0.277777778,0.765306122,4.28265524625268,116.265560165975,2.14132762312634
"B1_B2_how_are_easter_eggs_made","B1",0.204545455,0.72,1.73410404624277,162.992125984252,4.6242774566474
"B1_B2_how_can_more_women_get_politics","B1",0.264705882,0.729032258,4.87012987012987,125.27027027027,4.54545454545455
"B1_B2_how_christmas_trees_are_made","B1",0.344827586,0.729166667,8.42490842490843,152.523364485981,1.83150183150183
"B1_B2_how_do_backspin","B1",0.28,0.693877551,2.62008733624454,156.136363636364,4.36681222707424
"B1_B2_how_do_bubbles_work","B1",0.473684211,0.630136986,12.3287671232877,143.606557377049,0.684931506849315
"B1_B2_i_it_safer_internet_day_song","B1",0.220338983,0.76744186,4.97131931166348,198.11320754717,0.764818355640535
"B1_B2_indoor_sports_scene_1","B1",0.163265306,0.759562842,2.24913494809689,140.481927710843,0.519031141868512
"B1_B2_indoor_sports_scene_2","B1",0.08,0.714285714,2.86298568507157,145.841584158416,0.613496932515337
"B1_B2_influencers_making_difference_tiktok","B1",0.363636364,0.689655172,6.640625,131.896551724138,0.78125
"B1_B2_international_womens_day_challenge","B1",0.5,0.680722892,5.48302872062663,165.857142857143,2.61096605744125
"B1_B2_ive_experienced_bullying","B1",0.3,0.692913386,5.24475524475525,192.666666666667,3.4965034965035
"B1_B2_joe_wicks_blue_peter_workout","B1",0.232142857,0.710382514,4.00801603206413,165.164835164835,1.40280561122244
"B1_B2_let_it_happen_three_dutch_dancing_sisters","B1",0.205128205,0.715517241,2.83687943262411,135.36,0.709219858156028
"B1_B2_londons_theatreland","B1",0.264150943,0.730769231,2.68292682926829,98.00796812749,2.19512195121951
"B1_B2_my_strange_encounter_wild_pig","B1",0.257575758,0.730263158,2.64765784114053,127.241379310345,0.814663951120163
"B1_B2_northern_ireland_scene_1","B1",0.25,0.725806452,4.51977401129944,130.040816326531,1.12994350282486
"B1_B2_northern_ireland_scene_2","B1",0.24,0.757281553,3.87858347386172,120.40404040404,1.5177065767285
"B1_B2_northern_irelands_street_art","B1",0.278688525,0.751152074,3.96975425330813,123.735408560311,2.83553875236295
"B1_B2_one_mans_walk","B1",0.178571429,0.608108108,2.45398773006135,108,1.84049079754601
"B1_B2_paris_scene_1","B1",0.1375,0.705202312,0.607287449392713,114.163424124514,0
"B1_B2_paris_scene_2","B1",0.138888889,0.724867725,1.59817351598174,112.758620689655,0
"B1_B2_pop_galleries","B1",0.223880597,0.73,3.57142857142857,136.551724137931,1.8796992481203
"B1_B2_record_breaking_skydive","B1",0.367346939,0.813278008,7.00389105058366,143.098591549296,3.11284046692607
"B1_B2_shakespeare_hamlet","B1",0.423529412,0.733009709,5.92823712948518,114.985074626866,1.09204368174727
"B1_B2_shakespeare_macbeth","B1",0.373333333,0.778846154,6.30048465266559,120.977198697068,0.484652665589661
"B1_B2_shakespeare_much_ado_about_nothing","B1",0.382716049,0.762626263,3.48837209302326,126.062717770035,1.49501661129568
"B1_B2_shakespeare_romeo_juliet","B1",0.445945946,0.738693467,3.47826086956522,118.163265306122,1.73913043478261
"B1_B2_shakespeare_scene_1","B1",0.12195122,0.714285714,2.27703984819734,143.619909502262,1.5180265654649
"B1_B2_shakespeare_scene_2","B1",0.173913043,0.747191011,2.91970802919708,117.169811320755,0.48661800486618
"B1_B2_shakespeare_tempest","B1",0.28,0.779569892,4.5643153526971,111.230769230769,2.0746887966805
"B1_B2_social_media_good_you","B1",0.406779661,0.744075829,6.15079365079365,177.529411764706,1.38888888888889
"B1_B2_space_tourism_are_we_one_step_closer","B1",0.230769231,0.693877551,6.20689655172414,154.285714285714,4.82758620689655
"B1_B2_superjam_set_make_teenager_millionaire","B1",0.235294118,0.694117647,3.86904761904762,190.857142857143,2.67857142857143
"B1_B2_what_ramadan","B1",0.151515152,0.728971963,3.05676855895197,147.789473684211,1.31004366812227
"B1_B2_wild_animals","B1",0.203389831,0.764423077,5.70902394106814,143.788546255507,1.28913443830571
"B1_B2_world_water_crisis","B1",0.25,0.635761589,4.56273764258555,64.9382716049383,1.14068441064639
"B1_B2_york_scene_1","B1",0.127906977,0.715025907,3.58490566037736,133.25,0.188679245283019
"B1_B2_york_scene_2","B1",0.151515152,0.736486486,5.14905149051491,134.457831325301,0.5420054200542
"B1_B2_youre_hired_episode_01","B1",0.188405797,0.752747253,4.67706013363029,115.696202531646,2.00445434298441
"B1_B2_youre_hired_episode_02","B1",0.307692308,0.687022901,5.88235294117647,153.267326732673,3.52941176470588
"B1_B2_youre_hired_episode_03","B1",0.264150943,0.696969697,2.88461538461538,165.789473684211,1.68269230769231
"B1_B2_youre_hired_episode_04","B1",0.122807018,0.75879397,5.20361990950226,155.172413793103,1.13122171945701
"B1_B2_youre_hired_episode_05","B1",0.254237288,0.748691099,6.34920634920635,150.674157303371,1.58730158730159
"B1_B2_youre_hired_episode_06","B1",0.388888889,0.735955056,5.85106382978723,141.375,1.06382978723404
"B1_B2_youre_hired_episode_07","B1",0.209302326,0.704,2.76679841897233,138.545454545455,2.76679841897233
"B1_B2_youre_hired_episode_08","B1",0.186046512,0.746268657,4.0625,133.333333333333,0.9375
"B1_B2_youre_hired_episode_09","B1",0.311111111,0.705882353,3.92749244712991,163.90243902439,4.22960725075529
"B1_B2_youre_hired_episode_10","B1",0.177777778,0.690647482,3,162.545454545455,1.33333333333333
"B1_B2_yusra_mardini_young_refugee","B1",0.125,0.72972973,4.44444444444444,156.694214876033,1.9047619047619
"B1_B2_zero_g_flight","B1",0.282051282,0.666666667,6.44067796610169,79.6412556053812,1.01694915254237
"B1_blackpool_scene_1","B1",0.182926829,0.717948718,4.15754923413567,110.88,1.31291028446389
"B1_blackpool_scene_2","B1",0.166666667,0.712328767,2.99727520435967,99.6428571428572,1.63487738419619
"B1_british_pub","B1",0.271604938,0.76146789,7.49185667752443,120.192926045016,0.977198697068404
"B1_camden_fashion","B1",0.280701754,0.743961353,3.69649805447471,114.752851711027,1.75097276264591
"B1_camden_scene_1","B1",0.181818182,0.643312102,3.69515011547344,107.551867219917,1.15473441108545
"B1_camden_scene_2","B1",0.153846154,0.659259259,1.85185185185185,108.341232227488,0
"B1_celebrations","B1",0.236111111,0.784232365,2.73752012882448,169.140271493213,1.12721417069243
"B1_chatting_about_a_series","B1",0.378787879,0.683229814,4.06091370558376,150.759493670886,1.52284263959391
"B1_city_london","B1",0.174603175,0.771428571,3.18091451292246,127.310924369748,1.19284294234592
"B1_dating_scene_1","B1",0.229166667,0.755868545,3.72340425531915,130.722433460076,0.177304964539007
"B1_dating_scene_2","B1",0.161616162,0.765258216,3.29861111111111,101.618497109827,1.38888888888889
"B1_difficult_situations","B1",0.229885057,0.695187166,3.16205533596838,141.767441860465,0.395256916996047
"B1_education_scene_1","B1",0.17721519,0.737113402,4,130.909090909091,1.52380952380952
"B1_education_scene_2","B1",0.218390805,0.670886076,2.27743271221532,120.75,0.41407867494824
"B1_english_history","B1",0.327272727,0.757990868,4.94845360824742,108.582089552239,0.824742268041237
"B1_extreme_sports","B1",0.259259259,0.740112994,2.88888888888889,108.582995951417,0.888888888888889
"B1_farming_scene_1","B1",0.084337349,0.696969697,3.2258064516129,92.7049180327869,0.268817204301075
"B1_farming_scene_2","B1",0.068493151,0.664233577,3.74331550802139,90.8433734939759,0
"B1_favourite_things","B1",0.2,0.765432099,3.37078651685393,164.803493449782,1.4446227929374
"B1_four_nations","B1",0.133333333,0.744680851,4.45632798573975,128.669201520913,1.7825311942959
"B1_history_scene_1","B1",0.246753247,0.698113208,2.49554367201426,141.338912133891,0.35650623885918
"B1_history_scene_2","B1",0.224719101,0.659685864,1.73076923076923,115.808823529412,0
"B1_hospital_scene_1","B1",0.141176471,0.617647059,1.88679245283019,92.4793388429752,0.269541778975741
"B1_hospital_scene_2","B1",0.180722892,0.682352941,3.62473347547974,112.111553784861,1.70575692963753
"B1_ice_cream","B1",0.186666667,0.712041885,4.60652591170825,141.038961038961,0.767754318618042
"B1_important_people","B1",0.326530612,0.74122807,3.26594090202177,160.909090909091,0.31104199066874
"B1_jobs_scene_1","B1",0.104347826,0.727748691,0.578034682080925,150.758122743682,0.144508670520231
"B1_jobs_scene_2","B1",0.164383562,0.694805195,2.86343612334802,119.746835443038,0.881057268722467
"B1_learn_how_manage_your_time_zack","B1",0.314606742,0.723684211,3.92798690671031,134.725274725275,0.490998363338789
"B1_live_music","B1",0.254237288,0.770833333,3.7344398340249,120,1.03734439834025
"B1_llamas","B1",0.171052632,0.737623762,3.67504835589942,119.769230769231,1.93423597678917
"B1_loch_ness_scene_1","B1",0.156626506,0.75,3.81282495667244,128.222222222222,0.346620450606586
"B1_loch_ness_scene_2","B1",0.171875,0.7,2.49480249480249,119.752066115702,0.623700623700624
"B1_making_a_decision","B1",0.276315789,0.724358974,5.05050505050505,157.978723404255,3.63636363636364
"B1_marathon_running","B1",0.285714286,0.66025641,1,134.389140271493,2.2
"B1_meeting_an_old_friend","B1",0.041666667,0.652892562,0.377358490566038,133.170731707317,0.377358490566038
"B1_multicultural_britain","B1",0.261538462,0.768595041,3.2312925170068,132.134831460674,4.42176870748299
"B1_murder_mystery_scene_1","B1",0.2,0.704402516,2.36686390532544,111.838235294118,1.38067061143984
"B1_murder_mystery_scene_2","B1",0.169014085,0.698795181,6.41975308641975,95.0194552529183,1.48148148148148
"B1_music_scene_1","B1",0.168539326,0.718390805,2.02702702702703,120.204081632653,0.337837837837838
"B1_music_scene_2","B1",0.142857143,0.739884393,2.41935483870968,124.033613445378,0.201612903225806
"B1_my_favourite_film","B1",0.304347826,0.792857143,3.89048991354467,140.675675675676,1.72910662824208
"B1_my_son","B1",0.430769231,0.74537037,3.82513661202186,107.920792079208,0.728597449908925
"B1_night_out_scene_1","B1",0.107526882,0.740540541,0.700525394045534,146.694915254237,2.62697022767075
"B1_night_out_scene_2","B1",0.193548387,0.683098592,2.1680216802168,126.067415730337,0.2710027100271
"B1_notting_hill_scene_1","B1",0.148648649,0.716666667,2.38568588469185,126.329113924051,1.59045725646123
"B1_notting_hill_scene_2","B1",0.142857143,0.724489796,1.64835164835165,130.197628458498,2.93040293040293
"B1_organising_your_time","B1",0.23880597,0.687830688,4.99075785582255,150.985915492958,0.739371534195933
"B1_oxford_scene_1","B1",0.122807018,0.657894737,2.02312138728324,108,0.867052023121387
"B1_oxford_scene_2","B1",0.138888889,0.737704918,2.80561122244489,136.636363636364,0.400801603206413
"B1_oxford_university","B1",0.173333333,0.760162602,2.62773722627737,138.060200668896,1.02189781021898
"B1_paramedics","B1",0.278688525,0.795348837,5.19230769230769,132.510638297872,1.34615384615385
"B1_seaside_entertainment","B1",0.1,0.773333333,2.96296296296296,117.391304347826,1.48148148148148
"B1_sherlock_holmes","B1",0.272727273,0.734782609,5.65302144249513,128.319327731092,1.16959064327485
"B1_snowdon_scene_1","B1",0.142857143,0.728323699,3.75782881002088,116.144578313253,0.835073068893528
"B1_snowdon_scene_2","B1",0.113207547,0.722772277,2.79146141215107,132.436363636364,0.821018062397373
"B1_social_media_revolution","B1",0.285714286,0.770750988,6.83229813664596,133.702422145329,2.17391304347826
"B1_social_media_scene_1","B1",0.245454545,0.733009709,2.61538461538462,168.103448275862,1.23076923076923
"B1_social_media_scene_2","B1",0.14084507,0.7,4.4392523364486,104.210526315789,1.16822429906542
"B1_sport_scene_1","B1",0.185185185,0.655913978,3.06748466257669,141.159420289855,1.84049079754601
"B1_sport_scene_2","B1",0.108695652,0.708333333,3.37972166998012,108.214285714286,1.78926441351889
"B1_sports_centres","B1",0.271604938,0.765799257,5.35714285714286,129.230769230769,2.06043956043956
"B1_starting_business","B1",0.37804878,0.766129032,3.59820089955022,160.56,1.49925037481259
"B1_study_trip_uk","B1",0.239130435,0.744047619,2.46913580246914,116.018957345972,0.246913580246914
"B1_survivor_episode_1_finding_jane_b1","B1",0.225352113,0.695364238,3.92156862745098,76.6463414634146,1.47058823529412
"B1_survivor_episode_2_wake_soon_b1","B1",0.160377358,0.711340206,3.24149108589951,102.371967654987,1.13452188006483
"B1_survivor_episode_3_coincidence_b1","B1",0.131313131,0.72195122,2.74223034734918,106.22641509434,1.64533820840951
"B1_survivor_episode_4_run_b1","B1",0.231884058,0.719047619,2.6536312849162,108.117359413203,0.558659217877095
"B1_survivor_episode_5_youre_awake_b1","B1",0.148148148,0.686131387,3.14769975786925,92.967032967033,0.484261501210654
"B1_survivor_episode_6_caught_b1","B1",0.160621762,0.744680851,4.00421496311907,104.892857142857,0.526870389884089
"B1_the_weekend","B1",0.14516129,0.738095238,2.3696682464455,154.181818181818,1.18483412322275
"B1_theme_parks","B1",0.157142857,0.776255708,2.7027027027027,138.5,1.44144144144144
"B1_transport_travel_scene_1","B1",0.144067797,0.723076923,1.86781609195402,153.381818181818,0.574712643678161
"B1_transport_travel_scene_2","B1",0.115384615,0.746478873,2.1978021978022,146.351351351351,0.274725274725275
"B1_turning_plastic_waste_art","B1",0.242424242,0.713178295,7.9734219269103,105.348837209302,1.66112956810631
"B1_wedding","B1",0.14893617,0.779411765,8.7719298245614,113.25,1.09649122807018
"B1_womens_football","B1",0.283783784,0.740425532,4.13476263399694,139.217081850534,1.22511485451761
"B1_work_life_balance","B1",0.205882353,0.701298701,3.47593582887701,139.622641509434,2.67379679144385
"B1_working_fashion","B1",0.303030303,0.753768844,5.86080586080586,139.48717948718,1.28205128205128
"B1Bus_1_1-8","B1",0.264150943,0.735,7.80856423173804,188.4375,1.7632241813602
"B1Bus_1_16-22","B1",0.433333333,0.792207792,7.88530465949821,179.354838709677,3.584229390681
"B1Bus_1_23-30","B1",0.269230769,0.764705882,5.05415162454874,179.032258064516,1.62454873646209
"B1Bus_1_9-15","B1",0.057142857,0.579365079,2.20264317180617,162.142857142857,2.20264317180617
"B1Bus_2_0-8","B1",0.176470588,0.711711712,4.43974630021142,174.146341463415,3.59408033826638
"B1Bus_2_16-22","B1",0.485714286,0.712418301,5.20833333333333,149.48275862069,3.47222222222222
"B1Bus_2_23-30","B1",0.298245614,0.795744681,6.18556701030928,157.668161434978,4.46735395189003
"B1Bus_2_9-15","B1",0.225806452,0.674242424,6.6147859922179,127.179487179487,1.94552529182879
"B1Prel_1","B1",0.166666667,0.567164179,3.125,181.875,1.04166666666667
"B1Prel_10","B1",0.2,0.569230769,6.12244897959184,222.222222222222,0
"B1Prel_11","B1",0.266666667,0.644067797,2.17391304347826,190.344827586207,1.08695652173913
"B1Prel_12","B1",0.384615385,0.679245283,5.12820512820513,215.454545454545,0
"B1Prel_13","B1",0.117647059,0.59375,1.92307692307692,215.172413793103,0
"B1Prel_14-19","B1",0.225,0.785276074,2.87539936102236,170.181818181818,0.638977635782748
"B1Prel_2","B1",0.333333333,0.621212121,4.08163265306122,217.777777777778,0
"B1Prel_20-25","B1",0.34375,0.71978022,4.72972972972973,173.376623376623,1.12612612612613
"B1Prel_3","B1",0.230769231,0.578125,7.69230769230769,195,0
"B1Prel_4","B1",0.3125,0.603773585,2.1978021978022,182,2.1978021978022
"B1Prel_5","B1",0,0.596774194,6.38297872340426,161.818181818182,3.19148936170213
"B1Prel_6","B1",0.25,0.666666667,2.10526315789474,214.615384615385,2.10526315789474
"B1Prel_7","B1",0.285714286,0.615384615,3.33333333333333,158.823529411765,1.11111111111111
"B1Prel_8","B1",0.333333333,0.632352941,3.77358490566038,205.161290322581,0.943396226415094
"B1Prel_9","B1",0,0.617647059,1.88679245283019,212,0
"B1PrelSch_1","B1",0.25,0.571428571,0,165.789473684211,0
"B1PrelSch_10","B1",0.4,0.64516129,0.99009900990099,222.222222222222,0.99009900990099
"B1PrelSch_11","B1",0.352941176,0.65625,3.53982300884956,218.709677419355,0
"B1PrelSch_12","B1",0.470588235,0.617647059,2.7027027027027,208.125,0.900900900900901
"B1PrelSch_13","B1",0.411764706,0.630769231,3.77358490566038,198.75,4.71698113207547
"B1PrelSch_14-19","B1",0.3,0.704402516,2.53968253968254,188.316831683168,2.22222222222222
"B1PrelSch_2","B1",0.384615385,0.615384615,8.43373493975904,199.2,1.20481927710843
"B1PrelSch_20-25","B1",0.21875,0.76344086,4.84581497797357,192.587412587413,0.220264317180617
"B1PrelSch_3","B1",0.555555556,0.606060606,4.25531914893617,183.870967741935,1.06382978723404
"B1PrelSch_4","B1",0.444444444,0.606060606,2.17391304347826,192.413793103448,4.34782608695652
"B1PrelSch_5","B1",0.142857143,0.583333333,0,197.142857142857,1.08695652173913
"B1PrelSch_6","B1",0.25,0.628571429,5.15463917525773,166.285714285714,1.03092783505155
"B1PrelSch_7","B1",0.277777778,0.6875,2.10526315789474,183.870967741935,1.05263157894737
"B1PrelSch_8","B1",0.333333333,0.6375,2.72727272727273,195.882352941176,0
"B1PrelSch_9","B1",0.466666667,0.633333333,3.125,253.04347826087,0
"B2_a_business_interview","B2",0.316666667,0.724137931,5.12820512820513,166.813186813187,2.16962524654832
"B2_a_design_presentation","B2",0.25,0.727272727,4.27807486631016,141.645569620253,3.20855614973262
"B2_a_digital_detox_podcast","B2",0.329268293,0.774193548,5.57880055788006,153.950177935943,2.23152022315202
"B2_a_lecture_about_an_experiment","B2",0.291666667,0.666666667,8.25471698113208,149.647058823529,4.71698113207547
"B2_a_talk_about_motivation","B2",0.368421053,0.737373737,4.80961923847695,138.611111111111,2.20440881763527
"B2_against_pushback_we_pushforward","B2",0.083333333,0.733333333,8.37988826815642,88.7603305785124,4.46927374301676
"B2_are_you_tech_addicted","B2",0.414634146,0.738095238,4.54545454545455,134.88188976378,3.32167832167832
"B2_beating_stress","B2",0.465116279,0.772277228,6.43086816720257,136.764705882353,1.28617363344051
"B2_being_vegan_more_environmentally_friendly","B2",0.192307692,0.748344371,6.84410646387833,154.038461538462,1.90114068441065
"B2_between_two_worlds","B2",0.305555556,0.788732394,3.9568345323741,188.089887640449,1.61870503597122
"B2_black_history_month_all_you_need_know","B2",0.322580645,0.732876712,4.93421052631579,162.857142857143,1.64473684210526
"B2_boy_bands","B2",0.282828283,0.806557377,4.79192938209332,146.851851851852,1.76544766708701
"B2_break_bias","B2",0.328358209,0.721590909,5.18018018018018,158.470588235294,2.02702702702703
"B2_brief_history_writing","B2",0.402061856,0.775862069,3.71794871794872,130,1.02564102564103
"B2_british_vs_american_accent_challenge","B2",0.300970874,0.722772277,2.5297619047619,172.207792207792,1.48809523809524
"B2_Bus_1_1-4","B2",0.178571429,0.566037736,6.79611650485437,174.166666666667,2.42718446601942
"B2_Bus_1_13-17","B2",0.34,0.720496894,2.75482093663912,184.576271186441,2.47933884297521
"B2_Bus_1_18-22","B2",0.476190476,0.772020725,3.30188679245283,196.744186046512,2.12264150943396
"B2_Bus_1_23-30","B2",0.302631579,0.803333333,7.74962742175857,164.146341463415,2.2354694485842
"B2_Bus_1_5-8","B2",0.411764706,0.655172414,2.7027027027027,178.064516129032,1.62162162162162
"B2_Bus_1_9-12","B2",0.071428571,0.729166667,11.1842105263158,140.307692307692,5.92105263157895
"B2_Bus_2_1-4","B2",0.321428571,0.697247706,7.48663101604278,175.3125,2.67379679144385
"B2_Bus_2_13-17","B2",0.518518519,0.75879397,9.28074245939675,186.043165467626,3.48027842227378
"B2_Bus_2_18-22","B2",0.454545455,0.770491803,5.35279805352798,160.519480519481,4.8661800486618
"B2_Bus_2_23-30","B2",0.34375,0.797342193,10.9034267912773,138.214285714286,3.58255451713396
"B2_Bus_2_5-8","B2",0.392857143,0.663461538,7.61421319796954,157.6,5.0761421319797
"B2_Bus_2_9-12","B2",0.111111111,0.666666667,7.21153846153846,146.511627906977,1.92307692307692
"B2_business_news","B2",0.322580645,0.715083799,10.0864553314121,136.753246753247,4.89913544668588
"B2_C1_12_year_old_maths_genius","B2",0.214285714,0.578947368,5.65476190476191,97.9899497487437,1.48809523809524
"B2_C1_15_year_old_quizzes_george_clooney","B2",0.392592593,0.790262172,4.08163265306122,209.52380952381,1.92743764172336
"B2_C1_actress_margot_robbies_snake_story","B2",0.12,0.679245283,2.56916996047431,213.802816901408,1.58102766798419
"B2_C1_amazing_bird_sounds_lyre_bird","B2",0.277777778,0.722222222,6.09756097560976,56.5714285714286,2.4390243902439
"B2_C1_amazing_minecraft_city","B2",0.416666667,0.685714286,2.53807106598985,137.441860465116,1.52284263959391
"B2_C1_amazing_wheelchair_jump","B2",0.288461538,0.71641791,3.67231638418079,201.509433962264,2.82485875706215
"B2_C1_british_vs_american_culture_quiz","B2",0.170103093,0.757475083,2.77056277056277,166.893203883495,0.606060606060606
"B2_C1_C2_all_my_happy_friends","B2",0.379310345,0.647540984,3.6036036036036,81.219512195122,1.35135135135135
"B2_C1_C2_amazing_diy_orang_utans","B2",0.5,0.713114754,4.33070866141732,93.9130434782609,1.5748031496063
"B2_C1_C2_biggest_flower_world","B2",0.111111111,0.681034483,5.33980582524272,111.891891891892,0.485436893203883
"B2_C1_C2_black_british_history","B2",0.492063492,0.705882353,4.16666666666667,161.326530612245,2.27272727272727
"B2_C1_C2_can_cuttlefish_disappear_living_room","B2",0.184210526,0.686666667,6.25,103.135135135135,2.5
"B2_C1_C2_can_eating_fruit_be_bad_you","B2",0.344827586,0.725925926,5.22388059701492,137.435897435897,3.73134328358209
"B2_C1_C2_can_haircut_change_your_life","B2",0.407407407,0.712643678,4.63414634146341,161.324503311258,1.21951219512195
"B2_C1_C2_david_attenborough_life_planet","B2",0.222222222,0.697368421,6.71641791044776,67,0.746268656716418
"B2_C1_C2_day_elizabeth_became_queen","B2",0.421052632,0.765151515,2.7906976744186,106.115702479339,2.32558139534884
"B2_C1_C2_dolphins_know_best_way_catch_fish","B2",0.285714286,0.622641509,10.3896103896104,47.2727272727273,1.2987012987013
"B2_C1_C2_eco_friendly_gift_wrapping_ideas","B2",0.348484848,0.757281553,6.45161290322581,162.445414847162,1.61290322580645
"B2_C1_C2_elephants_learn_work_together","B2",0.368421053,0.663716814,5.38461538461539,90.7058823529412,0.384615384615385
"B2_C1_C2_emma_thompson_her_adopted_rwandan_son","B2",0.397260274,0.723529412,3.24675324675325,150.48128342246,2.38095238095238
"B2_C1_C2_fake_or_fir_your_christmas_trees_carbon_footprint","B2",0.440677966,0.739795918,6.40776699029126,177.627118644068,5.4368932038835
"B2_C1_C2_fashion_revolutionaries_katharine_hamnett","B2",0.208333333,0.67961165,6.09756097560976,161.311475409836,1.82926829268293
"B2_C1_C2_female_artists_recognised_know_my_name_exhibition","B2",0.433333333,0.760504202,5.72916666666667,159.26267281106,2.25694444444444
"B2_C1_C2_four_tips_success_women_business","B2",0.426666667,0.741293532,3.78071833648393,171.847826086957,1.32325141776938
"B2_C1_C2_greta_thunberg_george_monbiot_climate_crisis","B2",0.163934426,0.77,10.3529411764706,116.742081447964,2.35294117647059
"B2_C1_C2_gulper_eel","B2",0.142857143,0.707865169,4.97737556561086,123.364485981308,0
"B2_C1_C2_how_baby_flamingos_become_pink","B2",0.318181818,0.762376238,5.72916666666667,81.3986013986014,2.60416666666667
"B2_C1_C2_how_chop_onion","B2",0.266666667,0.62195122,8.87573964497041,169,4.14201183431953
"B2_C1_C2_how_make_45_second_ice_cream","B2",0.109090909,0.73964497,4.2654028436019,114.133333333333,1.4218009478673
"B2_C1_C2_how_make_perfect_pancakes","B2",0.4,0.718181818,4.34782608695652,205,4.83091787439614
"B2_C1_C2_how_these_women_changed_science_forever","B2",0.428571429,0.784671533,8.26161790017212,159.357798165138,2.23752151462995
"B2_C1_C2_how_tie_windsor_knot","B2",0.40625,0.692982456,6.76156583629893,131.71875,4.62633451957295
"B2_C1_C2_how_wash_your_hands","B2",0.363636364,0.724137931,7.45614035087719,224.262295081967,0.87719298245614
"B2_C1_C2_i_was_refugee","B2",0.068181818,0.767857143,4.13533834586466,94.792899408284,1.8796992481203
"B2_C1_C2_imagining_world_without_fossil_fuels","B2",0.35,0.791666667,10.2981029810298,126.315789473684,4.0650406504065
"B2_C1_C2_international_day_forests","B2",0.333333333,0.74137931,8.88888888888889,82.1538461538462,2.22222222222222
"B2_C1_C2_international_womens_day_we_are_generationequality","B2",0.3125,0.7421875,8.36501901140684,120,1.52091254752852
"B2_C1_C2_international_womens_day_who_inspires_you","B2",0.367647059,0.802816901,6.02189781021898,165.226130653266,1.82481751824817
"B2_C1_C2_it_possible_ride_motorbike_lake","B2",0.226415094,0.65,3.77358490566038,213.714285714286,1.88679245283019
"B2_C1_C2_kids_explain_art_experts","B2",0.119402985,0.682119205,2.60115606936416,112.216216216216,0.289017341040462
"B2_C1_C2_lemon_pavlova_recipe","B2",0.387096774,0.762331839,6.62650602409639,101.712328767123,4.41767068273092
"B2_C1_C2_limb_lego","B2",0.238095238,0.709677419,2.38095238095238,140.869565217391,2.11640211640212
"B2_C1_C2_living_two_languages_finland","B2",0.269230769,0.666666667,5.66037735849057,141.21546961326,0.235849056603774
"B2_C1_C2_londons_secret_garden","B2",0.3,0.722222222,7.64331210191083,114.545454545455,1.27388535031847
"B2_C1_C2_nadiyas_five_minute_crispy_egg_rolls","B2",0.298850575,0.746724891,5.05529225908373,159.915254237288,2.8436018957346
"B2_C1_C2_portrait_oussama","B2",0,0.6875,2.80373831775701,94.4117647058824,0.934579439252336
"B2_C1_C2_rare_cheese","B2",0.27027027,0.689873418,4.2042042042042,134.189189189189,1.2012012012012
"B2_C1_C2_rubber_hand_illusion","B2",0.453333333,0.7,7.39299610894942,159.481865284974,2.52918287937743
"B2_C1_C2_salt_hotel","B2",0.282608696,0.740458015,7.86802030456853,124.375,1.52284263959391
"B2_C1_C2_santa_claus_real","B2",0.2,0.659259259,4.9469964664311,136.8,2.47349823321555
"B2_C1_C2_seeing_believing","B2",0.295454545,0.714285714,2.19123505976096,150,0.796812749003984
"B2_C1_C2_sir_david_attenborough_cop26_peoples_advocate","B2",0.583333333,0.625,2.94117647058824,124.897959183673,4.90196078431373
"B2_C1_C2_space_snack_time_samantha_cristoforetti","B2",0.346153846,0.736842105,3.55731225296443,128.717948717949,3.16205533596838
"B2_C1_C2_story_imperial_state_crown","B2",0.21875,0.682692308,3.57142857142857,118.217821782178,0.510204081632653
"B2_C1_C2_ten_cat_facts","B2",0.204545455,0.740585774,7.3394495412844,140,5.04587155963303
"B2_C1_C2_two_monkeys_were_paid_unequally","B2",0.344827586,0.686567164,2.4330900243309,150.365853658537,1.45985401459854
"B2_C1_C2_vegan_red_lentil_fritters","B2",0.32,0.721428571,3.64741641337386,215.217391304348,3.3434650455927
"B2_C1_C2_warrior_women","B2",0.392857143,0.719298246,4.71698113207547,67.2251308900524,1.88679245283019
"B2_C1_C2_water_changes_everything","B2",0.271186441,0.733333333,5.28455284552846,143.529411764706,2.4390243902439
"B2_C1_C2_we_stand_refugees","B2",0.076923077,0.698113208,9.34579439252336,67.5789473684211,4.67289719626168
"B2_C1_C2_what_do_all_pride_flags_mean","B2",0.473684211,0.710743802,5.88235294117647,153.333333333333,5.09803921568627
"B2_C1_C2_what_we_have_forgotten","B2",0.441860465,0.728682171,4.93421052631579,90.4477611940298,3.94736842105263
"B2_C1_C2_wheelchair_costumes_turn_kids_superheroes","B2",0.354166667,0.690140845,4.29447852760736,123.396226415094,3.98773006134969
"B2_C1_C2_when_do_children_learn_tell_lies","B2",0.222222222,0.739884393,3.6036036036036,148.314606741573,1.8018018018018
"B2_C1_C2_when_everyone_else_room_can_see_it","B2",0.088235294,0.715517241,1.28865979381443,99.8297872340426,1.54639175257732
"B2_C1_C2_why_arent_babies_afraid_snakes","B2",0.294117647,0.666666667,13.0081300813008,103.943661971831,4.0650406504065
"B2_C1_C2_why_dogs_stick_their_heads_out_car_windows","B2",0.166666667,0.709677419,5.14705882352941,73.3031674208145,4.41176470588235
"B2_C1_C2_why_i_fell_love_irish_dancing","B2",0.427184466,0.741071429,4.23357664233577,160.078125,0.72992700729927
"B2_C1_can_massive_invention_save_our_oceans","B2",0.3125,0.70212766,8.74751491053678,150.753768844221,1.98807157057654
"B2_C1_chocolate_bites_recipe","B2",0.422222222,0.783505155,7.32217573221757,202.394366197183,3.97489539748954
"B2_C1_clever_cobra","B2",0.311111111,0.697478992,3.23741007194245,146.315789473684,2.15827338129496
"B2_C1_comic_con_meeting_fans","B2",0.15942029,0.708860759,3.54223433242507,114.375,0.817438692098093
"B2_C1_cure_boredom","B2",0.333333333,0.71686747,8.73239436619718,160.15037593985,1.97183098591549
"B2_C1_cutting_down_waste","B2",0.46969697,0.770428016,6.51851851851852,184.363636363636,2.07407407407407
"B2_C1_driverless_cars","B2",0.3,0.664383562,6.94444444444444,172.871287128713,1.04166666666667
"B2_C1_emma_watson_introduces_new_heforsheorg","B2",0.411290323,0.790076336,5.2863436123348,62.6116838487973,1.87224669603524
"B2_C1_five_things_you_mustnt_do_britain","B2",0.385321101,0.778947368,3.96912899669239,192.932862190813,1.43329658213892
"B2_C1_four_reasons_why_you_should_start_blogging","B2",0.543307087,0.791044776,5.38617886178862,183.128834355828,1.6260162601626
"B2_C1_girl_leadership_summit_highlights","B2",0.24137931,0.658227848,2.9585798816568,132.307692307692,1.18343195266272
"B2_C1_history_voting_ancient_greece_x_factor","B2",0.457446809,0.747211896,5.97560975609756,174.23487544484,1.58536585365854
"B2_C1_how_dirty_your_mobile_phone","B2",0.197530864,0.666666667,1.96850393700787,148.682926829268,2.16535433070866
"B2_C1_how_make_perfect_omelette","B2",0.330188679,0.770428016,5.21642619311876,180.802675585284,1.22086570477248
"B2_C1_how_refugee_became_supermodel","B2",0.272727273,0.718954248,5.08982035928144,136.326530612245,2.69461077844311
"B2_C1_long_hair_vs_short_hair","B2",0.405882353,0.743589744,3.44262295081967,184.673366834171,0.491803278688525
"B2_C1_maggot_medicine","B2",0.260869565,0.695652174,8.41584158415842,123.092783505155,3.96039603960396
"B2_C1_miso_mushroom_coconut_noodles","B2",0.245614035,0.764705882,3.57751277683135,232.894736842105,1.53321976149915
"B2_C1_music_great","B2",0.222222222,0.748502994,4.95867768595041,126.279069767442,1.10192837465565
"B2_C1_my_ramadan_experience","B2",0.583333333,0.756363636,5.80568720379147,175.81881533101,1.18483412322275
"B2_C1_our_school_students_selfies","B2",0.5,0.594936709,4.73372781065089,171.147540983607,1.77514792899408
"B2_C1_plastic_ocean","B2",0.297297297,0.664,7.9646017699115,103.720930232558,2.21238938053097
"B2_C1_poem_about_poets","B2",0.431818182,0.730088496,7.05596107055961,138.539325842697,3.16301703163017
"B2_C1_pros_cons_leaving_home","B2",0.413043478,0.733333333,3.65535248041775,190.573770491803,0.913838120104439
"B2_C1_pros_cons_summer_jobs","B2",0.423076923,0.747252747,2.64496439471007,189.652996845426,0.508646998982706
"B2_C1_rainbow_flag_explained","B2",0.526315789,0.677966102,3.84615384615385,130,2.40384615384615
"B2_C1_safer_internet_day_song_surf","B2",0.285714286,0.735849057,4.32432432432432,120.322580645161,3.24324324324324
"B2_C1_school_strike_4_climate","B2",0.298076923,0.786377709,5.55555555555556,176.493506493506,2.44444444444444
"B2_C1_science_experiment_space","B2",0.254901961,0.695652174,3.48258706467662,122.121212121212,1.49253731343284
"B2_C1_sophias_vegan_banana_pancakes","B2",0.426966292,0.761133603,3.45744680851064,171.75572519084,3.8563829787234
"B2_C1_status_mind","B2",0.157894737,0.723076923,3.76569037656904,83.859649122807,0
"B2_C1_superhero_runner_runs_5000_miles","B2",0.30625,0.771084337,3.2114183764496,156.666666666667,1.24888492417484
"B2_C1_tattoos_piercings","B2",0.347222222,0.738317757,5.59875583203732,157.959183673469,3.42146189735614
"B2_C1_teenager_becomes_jetski_champ","B2",0.317073171,0.728915663,2.75482093663912,168.780487804878,1.65289256198347
"B2_C1_ten_reasons_smile","B2",0.426470588,0.645833333,6.81818181818182,157.826086956522,0.826446280991736
"B2_C1_things_i_miss_now_im_grown","B2",0.359375,0.698924731,3.63288718929254,140.810810810811,1.7208413001912
"B2_C1_three_steps_successful_blog","B2",0.464,0.764,6.50826446280992,196.067796610169,1.03305785123967
"B2_C1_three_tips_learning_language","B2",0.380434783,0.778723404,3.34728033472803,169.133858267717,0.97629009762901
"B2_C1_tips_tricks_reading_foreign_language","B2",0.318181818,0.765258216,2.78688524590164,170.790697674419,1.80327868852459
"B2_C1_tongue_twister_challenge","B2",0.273809524,0.719665272,4.05286343612335,175.746835443038,0.881057268722467
"B2_C1_weekend_manchester","B2",0.266666667,0.739837398,3.98550724637681,81.5763546798029,0
"B2_C1_weird_nature_archer_fish_velvet_worm","B2",0.125,0.730434783,7.89473684210526,55.8620689655172,7.36842105263158
"B2_C1_weird_things_we_do_britain","B2",0.464912281,0.813299233,4.65631929046563,194.918918918919,1.05321507760532
"B2_C1_what_gender_tax","B2",0.428571429,0.700564972,7.03296703296703,173.164556962025,0.879120879120879
"B2_C1_where_did_moon_come","B2",0.2,0.736486486,8.38709677419355,99.144385026738,0.967741935483871
"B2_C1_worlds_best_drone_racer","B2",0.28125,0.768867925,4.59770114942529,179.318181818182,2.10727969348659
"B2_C1_your_image_your_future","B2",0.277777778,0.626168224,3.9568345323741,120.869565217391,1.43884892086331
"B2_C1_youtubers_twitch_streamers_share_tips_safer_internet_day","B2",0.333333333,0.785440613,6.41848523748395,180.230769230769,1.15532734274711
"B2_C1_zara","B2",0.125,0.629213483,3.60824742268041,65.3333333333333,1.03092783505155
"B2_can_will_gwyn_haslock","B2",0.351851852,0.671328671,1.06951871657754,111.557788944724,0
"B2_change_management","B2",0.285714286,0.756756757,7.86885245901639,135.555555555556,4.26229508196721
"B2_coventry_city_fc","B2",0.321428571,0.713541667,7.91075050709939,162.857142857143,1.21703853955375
"B2_creating_a_study_group","B2",0.222222222,0.680473373,1.32743362831858,174.615384615385,0.663716814159292
"B2_did_you_ever_post_mean_comments_online","B2",0.372093023,0.671532847,3.81944444444444,189.230769230769,1.38888888888889
"B2_disney_not_just_kids","B2",0.338461538,0.70984456,3.41555977229602,157.688442211055,0.379506641366224
"B2_diy_christmas_decorations","B2",0.222222222,0.751592357,4.26136363636364,133.670886075949,2.55681818181818
"B2_dog_understands_1022_words","B2",0.145454545,0.697841727,3.51437699680511,119.617834394904,1.59744408945687
"B2_film_reviews","B2",0.317460317,0.696808511,3.53982300884956,163.832335329341,1.54867256637168
"B2_generation_parkour","B2",0.185185185,0.718181818,6.79611650485437,58.8571428571429,3.88349514563107
"B2_getting_advice","B2",0.303370787,0.751295337,4.12926391382406,159.622641509434,1.07719928186715
"B2_giant_chocolate_chip_cookie","B2",0.205128205,0.766990291,4.03225806451613,170.41095890411,2.09677419354839
"B2_hamlet_1_his_fathers_ghost","B2",0.541176471,0.71875,3.42342342342342,133.975903614458,1.62162162162162
"B2_hamlet_2_bad_death","B2",0.596491228,0.753191489,2.93398533007335,143.023255813953,1.22249388753056
"B2_harry_potter_hamilton_day_trip_london","B2",0.301587302,0.75,3.76984126984127,123.934426229508,1.58730158730159
"B2_high_achieving_teenagers","B2",0.295774648,0.766666667,4.82529118136439,137.338403041825,2.1630615640599
"B2_hippo_lives_house","B2",0.37254902,0.71957672,3.33333333333333,135.72192513369,0.476190476190476
"B2_horror_films","B2",0.407894737,0.773684211,3.99239543726236,133.983050847458,1.33079847908745
"B2_hot_and_cold_climate","B2",0.390243902,0.77734375,5.61941251596424,154.229508196721,1.53256704980843
"B2_how_be_good_listener_if_someone_upset","B2",0.305882353,0.714285714,2.33722871452421,220.243902439024,0.834724540901502
"B2_how_make_day_dead_mask","B2",0.325,0.74522293,5.55555555555556,203.114754098361,1.93236714975845
"B2_how_to_improve_your_memory","B2",0.316831683,0.773722628,5.5766793409379,158.8,2.02788339670469
"B2_how_to_study","B2",0.256410256,0.75862069,4.86787204450626,118.365122615804,1.52990264255911
"B2_hypatia_trust","B2",0.413043478,0.682758621,6.83229813664596,104.756756756757,3.41614906832298
"B2_ice_age_manhattan","B2",0.444444444,0.709090909,9.49720670391061,93.3913043478261,3.91061452513966
"B2_international_womens_day_we_are_women","B2",0.057142857,0.74,6.38297872340426,71.8471337579618,2.12765957446809
"B2_joining_a_gym","B2",0.180327869,0.670454545,3.93120393120393,153.584905660377,1.96560196560197
"B2_juliet_1_falling_love","B2",0.385542169,0.741116751,1.91387559808612,139.851301115242,0.956937799043062
"B2_juliet_2_feisty_funny_determined","B2",0.457142857,0.742358079,4.38356164383562,140,1.0958904109589
"B2_kate_winslet_strong_women_learning_lines","B2",0.38,0.77852349,3.50378787878788,203.076923076923,1.32575757575758
"B2_lady_macbeth_1_top_dog","B2",0.4,0.72972973,2.25409836065574,116.442687747036,2.45901639344262
"B2_lady_macbeth_2_unchecked_ambition","B2",0.367088608,0.716666667,2.57352941176471,125.813953488372,1.28676470588235
"B2_learning_languages","B2",0.479452055,0.73,3.38345864661654,173.804347826087,1.12781954887218
"B2_line_management","B2",0.35,0.742424242,5.25164113785558,177.307692307692,2.18818380743982
"B2_living_london","B2",0.421686747,0.742268041,3.03030303030303,196.813186813187,1.34680134680135
"B2_living_my_own","B2",0.338235294,0.769911504,5.26315789473684,154.634146341463,1.91387559808612
"B2_london_1_piece_piece","B2",0.344262295,0.749077491,5.5379746835443,137.454545454545,1.74050632911392
"B2_london_2_penny_yard","B2",0.465116279,0.711864407,5.30120481927711,131.428571428571,1.68674698795181
"B2_malala_yousafzai_winning_nobel_peace_prize","B2",0.466666667,0.666666667,3.9647577092511,149.67032967033,1.76211453744493
"B2_managing_conflict","B2",0.277108434,0.708791209,5.23364485981308,170.425531914894,2.24299065420561
"B2_much_ado_1_beautiful_trick","B2",0.324324324,0.74301676,3.83211678832117,133.253012048193,2.37226277372263
"B2_much_ado_2_fun_play","B2",0.392857143,0.730263158,5.18518518518519,130.967741935484,3.45679012345679
"B2_music_manchester","B2",0.372093023,0.735099338,4.6195652173913,136.564417177914,2.71739130434783
"B2_music_social_media","B2",0.393939394,0.751173709,6.41447368421053,174.545454545455,0.328947368421053
"B2_my_hero","B2",0.462365591,0.794797688,6.28637951105937,139.083557951482,2.21187427240978
"B2_my_two_cats","B2",0.37037037,0.689655172,2.19298245614035,158.4,0.87719298245614
"B2_new_inventions","B2",0.25,0.793594306,3.49206349206349,150.47619047619,1.9047619047619
"B2_office_party_planning","B2",0.208955224,0.682539683,4.8936170212766,149.684210526316,1.48936170212766
"B2_oversharing_your_digital_footprint","B2",0.545454545,0.715053763,3.28407224958949,170.232558139535,0.821018062397373
"B2_public_relations","B2",0.491525424,0.762790698,6.6,144.230769230769,2.8
"B2_radiohead","B2",0.431372549,0.765714286,6.19266055045872,120,1.60550458715596
"B2_relationship_building","B2",0.436619718,0.751152074,6.282722513089,162.654028436019,1.2216404886562
"B2_simple_homemade_christmas_gift_ideas","B2",0.379310345,0.72972973,5.62130177514793,125.555555555556,4.43786982248521
"B2_skateboarding_heroes","B2",0.292307692,0.758196721,3.26460481099656,156.923076923077,2.92096219931271
"B2_snowy_day_durham","B2",0.214285714,0.697247706,3.71900826446281,99.5918367346939,0
"B2_sophias_simple_vegan_sushi","B2",0.342391304,0.798722045,2.94627383015598,141.384928716904,1.47313691507799
"B2_special_restaurant","B2",0.265625,0.776041667,4.06976744186047,137.333333333333,1.74418604651163
"B2_sports_interviews","B2",0.181818182,0.755395683,2.57452574525745,150.707070707071,2.1680216802168
"B2_stan_lee_man_who_invented_spider_man","B2",0.416666667,0.788793103,4.9079754601227,108.452830188679,1.6359918200409
"B2_stratford_1_shakespeare_glove_maker","B2",0.266666667,0.772908367,4.28790199081164,128.145695364238,1.07197549770291
"B2_stratford_2_lost_years","B2",0.382978723,0.689873418,1.57068062827225,128.474576271186,0.523560209424084
"B2_survivor_episode_1_finding_jane_b2","B2",0.202898551,0.725609756,5.07246376811594,82.2857142857143,1.69082125603865
"B2_survivor_episode_2_wake_soon_b2","B2",0.138888889,0.71627907,2.7027027027027,111.662125340599,1.35135135135135
"B2_survivor_episode_3_coincidence_b2","B2",0.152380952,0.758333333,2.83464566929134,120.185185185185,1.88976377952756
"B2_survivor_episode_4_run_b2","B2",0.24025974,0.760784314,2.46478873239437,122.222222222222,0.704225352112676
"B2_survivor_episode_5_youre_awake_b2","B2",0.144578313,0.732919255,3.82978723404255,112.941176470588,0.638297872340425
"B2_survivor_episode_6_caught_b2","B2",0.157360406,0.75464684,3.74753451676529,116.610169491525,1.28205128205128
"B2_sustainable_development_goals","B2",0.291666667,0.693641618,7.32394366197183,127.857142857143,2.8169014084507
"B2_tale_two_brothers","B2",0.225806452,0.640776699,2.52525252525253,96.5853658536585,0.505050505050505
"B2_talking_about_rumours","B2",0.333333333,0.728813559,4.05679513184584,166.516853932584,2.23123732251521
"B2_taste_berlin","B2",0.285714286,0.744791667,2.16535433070866,163.085106382979,0.984251968503937
"B2_technology_addiction","B2",0.37037037,0.608247423,6.25,193.2,2.5
"B2_technology_daily_lives","B2",0.403846154,0.69924812,4.22960725075529,206.875,0.906344410876133
"B2_tempest_1_bigger_me","B2",0.363636364,0.721311475,2.7027027027027,139.40119760479,1.8018018018018
"B2_tempest_2_greed_wrath_lust","B2",0.294117647,0.739534884,2.56024096385542,146,1.6566265060241
"B2_tennis_keeping_fit","B2",0.303797468,0.712707182,2.48091603053435,173.736263736264,0.763358778625954
"B2_the_best_job_in_the_world","B2",0.266666667,0.817567568,6.5989847715736,129.63503649635,2.03045685279188
"B2_the_filter_bubble_part_one","B2",0.465909091,0.765258216,5.57324840764331,142.641509433962,0.796178343949045
"B2_the_filter_bubble_part_two","B2",0.433333333,0.733695652,5.98290598290598,125.357142857143,0.854700854700855
"B2_the_maasai_and_the_lions","B2",0.304347826,0.792592593,7.29023383768913,126.6472303207,3.1636863823934
"B2_two_euro_t_shirt","B2",0.285714286,0.563636364,1.26582278481013,44.5714285714286,2.53164556962025
"B2_unusual_british_festivals","B2",0.223880597,0.806020067,5.12820512820513,139.271523178808,1.42450142450142
"B2_vinyl","B2",0.352112676,0.664634146,3.42741935483871,151.212121212121,0.604838709677419
"B2_voice_uk_can_anyone_learn_sing","B2",0.441860465,0.676691729,3.69318181818182,183.130434782609,1.42045454545455
"B2_what_kind_of_student_are_you","B2",0.147540984,0.739583333,3.18091451292246,123.90243902439,1.78926441351889
"B2_what_metaverse","B2",0.388888889,0.651685393,8.9041095890411,159.642857142857,1.36986301369863
"B2_what_tallest_statue_world","B2",0.25,0.642857143,2.83687943262411,128.059701492537,2.12765957446809
"B2_whats_in_a_name","B2",0.239583333,0.818181818,5.13157894736842,133.372434017595,0.921052631578947
"B2_work_burnout","B2",0.303797468,0.740384615,5.71955719557196,152.830188679245,1.29151291512915
"B2_world_afro_day","B2",0.304347826,0.690140845,5.69476082004556,158.674698795181,0.683371298405467
"B2_worst_christmas_presents","B2",0.407407407,0.677777778,6.95187165775401,193.220338983051,0.53475935828877
"B2First_1_1","B2",0.5,0.6125,0.854700854700855,219.375,0
"B2First_1_10","B2",0.347222222,0.783653846,3.09653916211293,204.968944099379,1.27504553734062
"B2First_1_11","B2",0.37037037,0.748953975,5.72289156626506,172.5,3.01204819277108
"B2First_1_2","B2",0.142857143,0.637681159,0.970873786407767,244.8,0.970873786407767
"B2First_1_3","B2",0.352941176,0.634146341,6.72268907563025,200.571428571429,0.840336134453782
"B2First_1_4","B2",0.642857143,0.642857143,3.6697247706422,209.032258064516,0.91743119266055
"B2First_1_5","B2",0.454545455,0.661290323,1.72413793103448,209.090909090909,0.862068965517241
"B2First_1_6","B2",0.210526316,0.693548387,5.76923076923077,190.909090909091,0
"B2First_1_7","B2",0.230769231,0.648648649,4.42477876106195,211.875,1.76991150442478
"B2First_1_8","B2",0.125,0.684210526,10.8695652173913,182,2.17391304347826
"B2First_1_9","B2",0.48,0.779467681,6.88524590163934,148.780487804878,1.63934426229508
"B2First_2_1","B2",0.526315789,0.616438356,7.75862068965517,209.090909090909,2.58620689655172
"B2First_2_10","B2",0.432835821,0.757575758,4.40140845070423,196.300578034682,0.352112676056338
"B2First_2_11","B2",0.518867925,0.772727273,6.5597667638484,175.641025641026,1.74927113702624
"B2First_2_2","B2",0.384615385,0.564102564,2.72727272727273,169.230769230769,0.909090909090909
"B2First_2_3","B2",0.3125,0.621621622,2.7027027027027,227.586206896552,2.7027027027027
"B2First_2_4","B2",0.333333333,0.651515152,4.3859649122807,233.793103448276,3.50877192982456
"B2First_2_5","B2",0.333333333,0.685714286,6.42201834862385,192.352941176471,2.75229357798165
"B2First_2_6","B2",0.272727273,0.691176471,11.5789473684211,165.882352941176,5.26315789473684
"B2First_2_7","B2",0.176470588,0.597222222,4.0983606557377,226.875,0
"B2First_2_8","B2",0.411764706,0.648648649,5.30973451327434,226,2.65486725663717
"B2First_2_9","B2",0.492307692,0.766798419,4.84652665589661,172.534562211982,1.77705977382876
"B2FirstSch_1_1","B2",0.3125,0.575342466,2.67857142857143,231.724137931035,0.892857142857143
"B2FirstSch_1_2","B2",0.5625,0.625,3.63636363636364,244.444444444444,1.81818181818182
"B2FirstSch_1_3","B2",0.166666667,0.589041096,4.3859649122807,186.666666666667,0.87719298245614
"B2FirstSch_1_4","B2",0.5,0.65,0.833333333333333,210,5
"B2FirstSch_1_5","B2",0.375,0.675,2.7027027027027,173.684210526316,1.8018018018018
"B2FirstSch_1_6","B2",0.117647059,0.621621622,1.66666666666667,210,3.33333333333333
"B2FirstSch_1_7","B2",0.529411765,0.588235294,1.75438596491228,207.272727272727,1.75438596491228
"B2FirstSch_1_8","B2",0.588235294,0.650793651,6.54205607476635,207.096774193548,2.80373831775701
"B2FirstSch_2_1","B2",0.5,0.652173913,5.04201680672269,193.333333333333,2.52100840336134
"B2FirstSch_2_10","B2",0.388888889,0.76076555,2.80701754385965,198.381502890173,1.2280701754386
"B2FirstSch_2_11","B2",0.34375,0.785454545,6.54338549075391,199.245283018868,1.84921763869132
"B2FirstSch_2_2","B2",0.454545455,0.571428571,3.44827586206897,197.142857142857,0.862068965517241
"B2FirstSch_2_3","B2",0.266666667,0.649350649,5.26315789473684,193.714285714286,2.63157894736842
"B2FirstSch_2_4","B2",0.571428571,0.671428571,2.52100840336134,198.333333333333,1.68067226890756
"B2FirstSch_2_5","B2",0.3125,0.611940299,8.54700854700855,228.387096774194,1.70940170940171
"B2FirstSch_2_6","B2",0.461538462,0.571428571,1.75438596491228,188.333333333333,0
"B2FirstSch_2_7","B2",0.32,0.634920635,2.5,216.363636363636,2.5
"B2FirstSch_2_8","B2",0.3,0.723684211,9.16666666666667,180,2.5
"B2FirstSch_2_9","B2",0.377777778,0.768382353,4.32190760059613,166.611570247934,2.53353204172876
"C1_a_job_interview","C1",0.298850575,0.766666667,5,170.15625,3.19444444444444
"C1_a_project_management_meeting","C1",0.268292683,0.776041667,3.64238410596026,192.127659574468,2.98013245033113
"C1_an_interview_about_two_books","C1",0.342592593,0.757246377,3.68663594470046,176.351351351351,2.41935483870968
"C1_ariana_grande_she_was_famous","C1",0.26,0.726708075,3.16622691292876,145,0.527704485488127
"C1_birthday_parties","C1",0.25,0.780669145,3.14735336194564,176.708860759494,1.57367668097282
"C1_box","C1",0.048387097,0.672839506,1.81818181818182,80.9302325581395,0.25974025974026
"C1_britains_fastest_cyclist","C1",0.369230769,0.676258993,4.6189376443418,223.728813559322,0.92378752886836
"C1_camila_cabello_talks_about_beyonce","C1",0.301587302,0.685863874,1.62381596752368,237.72972972973,1.21786197564276
"C1_can_dogs_sense_emotion","C1",0.4,0.740740741,7.20720720720721,159.043062200957,2.7027027027027
"C1_catching_up_after_a_trip","C1",0.205882353,0.7421875,2.19092331768388,162.63829787234,1.87793427230047
"C1_challenges_at_work","C1",0.384615385,0.833333333,6.38820638820639,168.75,2.45700245700246
"C1_class_clown","C1",0.128205128,0.707317073,2.29885057471264,86.5193370165746,1.14942528735632
"C1_creativity_great_part_1","C1",0.297297297,0.722222222,5.32212885154062,117.692307692308,1.68067226890756
"C1_creativity_great_part_2","C1",0.219512195,0.776061776,4.78955007256894,127.015384615385,1.01596516690856
"C1_david_beckham_puts_brooklyn_his_place","C1",0.275862069,0.687943262,2.8328611898017,175.537190082645,1.98300283286119
"C1_day_digital_life_teenager","C1",0.362318841,0.747058824,2.52631578947368,163.050847457627,2.10526315789474
"C1_double_dutch_brain_game","C1",0.352941176,0.670520231,4.32692307692308,143.863636363636,2.64423076923077
"C1_duct_tape_surfing","C1",0.359223301,0.732758621,3.08988764044944,154.071428571429,0.842696629213483
"C1_eddsworld_climate_change","C1",0.326923077,0.73006135,7.39644970414201,83.9004149377593,1.4792899408284
"C1_english_great","C1",0.239583333,0.77173913,4.65686274509804,148.09667673716,1.22549019607843
"C1_entrepreneurs_are_great","C1",0.266666667,0.773519164,4.31372549019608,145.222929936306,1.69934640522876
"C1_exploring_german_castle","C1",0.339285714,0.726744186,3.69515011547344,130.854271356784,0.23094688221709
"C1_five_days_iceland_black_beaches_baby_geysers","C1",0.298850575,0.77076412,4.33996383363472,183.305785123967,1.08499095840868
"C1_flying_visit_home_uk","C1",0.212962963,0.796610169,2.21674876847291,164.646464646465,0.738916256157635
"C1_food_waste_rebel","C1",0.468085106,0.742424242,9.26365795724466,134.764397905759,2.85035629453682
"C1_germany_vs_uk_four_big_differences","C1",0.503759398,0.754208754,4.41941074523397,185.092838196286,1.55979202772964
"C1_have_you_ever_been_bullied","C1",0.328467153,0.767932489,4.57746478873239,162.779456193353,1.76056338028169
"C1_help_others_help_yourself","C1",0.254545455,0.80730897,5.30474040632054,176.435643564356,3.49887133182844
"C1_how_false_information_spreads","C1",0.441176471,0.793650794,6.00858369098712,165.578635014837,2.57510729613734
"C1_how_general_election_works","C1",0.44,0.693430657,5.42635658914729,191.111111111111,4.26356589147287
"C1_how_has_hoodie_become_so_fashionable","C1",0.372881356,0.797833935,10,179.047619047619,3.21428571428571
"C1_how_i_became_fluent_english_joses_story","C1",0.398496241,0.769503546,3.67504835589942,167.741935483871,1.06382978723404
"C1_how_make_your_own_christmas_card","C1",0.321428571,0.764976959,4.45783132530121,214.913793103448,1.44578313253012
"C1_how_sew_button","C1",0.264705882,0.666666667,5,136.457142857143,3.75
"C1_how_to_break_into_the_music_industry","C1",0.405660377,0.813291139,5.62571756601607,167.006369426752,2.18140068886338
"C1_how_wash_your_hair_space","C1",0.4375,0.701388889,2.28426395939086,133.714285714286,0.50761421319797
"C1_innovation_great","C1",0.224489796,0.785714286,6.3754427390791,137.617728531856,3.06965761511216
"C1_innovation_in_business","C1",0.363636364,0.798245614,5.25477707006369,130.309278350515,6.05095541401274
"C1_international_space_station_toilet_tour","C1",0.369565217,0.728395062,7.48129675810474,138.620689655172,0.748129675810474
"C1_introverts_redressing_the_balance","C1",0.382022472,0.812698413,5.28169014084507,156.80981595092,1.87793427230047
"C1_knitting_it_just_grannies","C1",0.376811594,0.757009346,4.90693739424704,182.769230769231,1.01522842639594
"C1_learning_drive_everything_you_need_know","C1",0.393103448,0.757785467,4.26065162907268,195.687331536388,0.835421888053467
"C1_literature_great","C1",0.282608696,0.736040609,5.15463917525773,115.544554455446,0.515463917525773
"C1_living_online","C1",0.571428571,0.75,3.75,198.272727272727,0.694444444444444
"C1_lottery_comedy_walk_park","C1",0.152173913,0.628571429,5.62770562770563,32.1478060046189,0.865800865800866
"C1_making_snow_olympics","C1",0.269230769,0.74537037,6.43863179074447,140,1.81086519114688
"C1_man_or_beast","C1",0.333333333,0.780918728,4.6070460704607,168.365019011407,2.710027100271
"C1_meet_lauren_singer_zero_waste_girl","C1",0.329896907,0.762411348,7.01058201058201,164.244604316547,0.661375661375661
"C1_my_study_tips","C1",0.487804878,0.769230769,6.15384615384615,167.068965517241,1.64102564102564
"C1_my_top_five_musicals","C1",0.333333333,0.778181818,4.5632333767927,173.636363636364,2.21642764015645
"C1_new_years_resolutions","C1",0.385416667,0.727272727,2.88335517693316,160.774647887324,1.57273918741809
"C1_peanut_butter_jelly_space","C1",0.409090909,0.713043478,6.72268907563025,166.976744186047,0.840336134453782
"C1_penguins","C1",0.428571429,0.641509434,11.4285714285714,46.6666666666667,4.28571428571429
"C1_pink_phones_cambodia","C1",0.166666667,0.729166667,6.97674418604651,112.258064516129,2.90697674418605
"C1_porcupine_vs_lion","C1",0.2,0.683333333,9.69387755102041,123.157894736842,4.59183673469388
"C1_race","C1",0.282352941,0.730232558,1.74603174603175,72.4098671726755,1.74603174603175
"C1_real_junk_food","C1",0.453900709,0.765625,4.91452991452991,167.715133531157,1.81623931623932
"C1_renting_a_house","C1",0.418181818,0.769968051,3.84615384615385,187.816901408451,1.35746606334842
"C1_seven_tips_moving_abroad","C1",0.458064516,0.792134831,5.19385515727871,183.348214285714,1.82882223847842
"C1_shopping_great_part_1","C1",0.214285714,0.744588745,3.81818181818182,112.318339100346,2.18181818181818
"C1_shopping_great_part_2","C1",0.163265306,0.767741935,5.42005420054201,137.888198757764,0.813008130081301
"C1_sibling_rivalry","C1",0.2,0.709677419,1.33333333333333,23.265306122449,2.66666666666667
"C1_six_english_idioms_you_should_know","C1",0.481481481,0.772321429,5.26315789473684,176.181818181818,1.08359133126935
"C1_sleeping_for_exam_success","C1",0.467391304,0.760797342,6.40569395017794,159.493670886076,2.49110320284698
"C1_slow_motion_puff_adder_attack","C1",0.375,0.641975309,8.46153846153846,102.631578947368,1.53846153846154
"C1_speak_out_make_change","C1",0.471698113,0.696969697,5.0125313283208,183.206106870229,0.75187969924812
"C1_sport_great","C1",0.180327869,0.785714286,2.77777777777778,128.87323943662,2.94117647058824
"C1_stute","C1",0.3125,0.791338583,3.13351498637602,140.696202531646,0.681198910081744
"C1_tech_addiction","C1",0.43902439,0.790769231,7.41687979539642,147.648902821317,2.81329923273657
"C1_teens_going_veggie","C1",0.35483871,0.8125,4.8331415420023,188.201438848921,2.07134637514384
"C1_the_benefits_of_sport","C1",0.405660377,0.771863118,7.10955710955711,161.4375,1.04895104895105
"C1_the_fear_factor","C1",0.359649123,0.783861671,6.25662778366914,183.483870967742,1.90880169671262
"C1_the_helix","C1",0.27027027,0.808988764,8.98345153664303,130.259067357513,2.83687943262411
"C1_the_history_of_hand_gestures","C1",0.294117647,0.773722628,13.1399317406143,138.809523809524,3.24232081911263
"C1_until_my_hearts_finished","C1",0.351190476,0.814814815,3.83036935704514,145.170731707317,0.889192886456908
"C1_wacky_races_pantomime_horse","C1",0.216216216,0.720720721,2.98273155416013,118.88198757764,1.0989010989011
"C1_wars_silver_lining","C1",0.333333333,0.784232365,11.4624505928854,161.711229946524,4.34782608695652
"C1_what_i_learned_dropping_my_phone_down_toilet","C1",0.4921875,0.75,3.76016260162602,178.909090909091,1.52439024390244
"C1_what_makes_black_panther_so_special","C1",0.423529412,0.768456376,4.49704142011834,169,1.53846153846154
"C1_who_made_your_clothes","C1",0.45045045,0.763052209,5.81542351453856,152.516129032258,1.51706700379267
"C1_why_its_important_travel","C1",0.449275362,0.77826087,4.80769230769231,162.782608695652,1.28205128205128
"C1_why_ocean_salty","C1",0.357142857,0.601941748,9.29203539823009,177.631578947368,1.76991150442478
"C1_wizarding_world_harry_potter","C1",0.295454545,0.746411483,2.83018867924528,168.8,3.06603773584906
"C1_women_tech","C1",0.558823529,0.753768844,4.09982174688057,198,2.31729055258467
"C1_zombie_school_survival_guide","C1",0.205882353,0.685534591,4.92957746478873,72,4.22535211267606
"C1Adv_1_1","C1",0.444444444,0.699115044,5.44554455445545,198.688524590164,3.96039603960396
"C1Adv_1_2","C1",0.473684211,0.654545455,5.88235294117647,188.135593220339,1.60427807486631
"C1Adv_1_3","C1",0.25,0.672897196,4.3010752688172,188.135593220339,4.3010752688172
"C1Adv_1_4","C1",0.52,0.795180723,7.86290322580645,187.974683544304,3.2258064516129
"C1Adv_1_5","C1",0.348214286,0.803797468,5.10083036773428,186.914498141264,3.08422301304864
"C1Adv_1_6","C1",0.349206349,0.796934866,7.56578947368421,206.101694915254,3.45394736842105
"C1Adv_2_1","C1",0.25,0.698275862,4.93273542600897,210.47619047619,1.79372197309417
"C1Adv_2_2","C1",0.307692308,0.744360902,10.0961538461538,199.047619047619,3.84615384615385
"C1Adv_2_3","C1",0.28,0.660714286,4,205.862068965517,1
"C1Adv_2_4","C1",0.448275862,0.779411765,7.73381294964029,176.544502617801,4.13669064748201
"C1Adv_2_5","C1",0.388349515,0.785714286,7.30270906949352,166.123778501629,2.70906949352179
"C1Adv_2_6","C1",0.265625,0.796363636,6.34920634920635,166.470588235294,4.23280423280423
"C1Bus_1_1-12","C1",0.304347826,0.818181818,6.35245901639344,143.7,3.48360655737705
"C1Bus_1_13-22","C1",0.411764706,0.8,6.76100628930818,178.584905660377,2.83018867924528
"C1Bus_1_23-30","C1",0.404761905,0.783870968,6.69398907103825,169.384615384615,2.73224043715847
"C1Bus_2_1-12","C1",0.452380952,0.793103448,9.71223021582734,135.802469135802,7.01438848920863
"C1Bus_2_13-22","C1",0.453333333,0.821548822,7.84023668639053,173.304721030043,5.32544378698225
"C1Bus_2_23-30","C1",0.453488372,0.796774194,7.95610425240055,164.318181818182,3.97805212620027
"C2Prof_1-2","C2",0.266666667,0.700934579,9.78260869565217,184,3.80434782608696
"C2Prof_16-20","C2",0.378947368,0.793209877,7.69230769230769,201.115879828326,1.92307692307692
"C2Prof_21-30","C2",0.454545455,0.77254902,4.36241610738255,218.282208588957,1.84563758389262
"C2Prof_3-4","C2",0.266666667,0.660377358,5.88235294117647,182.686567164179,0.980392156862745
"C2Prof_5-6","C2",0.434782609,0.660194175,3.38983050847458,178,1.69491525423729
"C2Prof_7-15","C2",0.403508772,0.785454545,7.88590604026846,162.818181818182,2.68456375838926
